<?xml version="1.0" encoding="utf-8"?>

<Turrets>

<Turret name = "MG" targetType = "ground" ballVelocity = "1500">
	<lv1 cost = "100" attackSpeed = "180" minRange = "0" maxRange = "210">
		<ic enable = "true" damage = "35" attackType = "bullet"/>
		<ec enable = "false"/>
		<fc enable = "false"/>
		<sc enable = "false"/>
		<tc enable = "false"/>
	</lv1>
	<lv2 cost = "80" attackSpeed = "210" minRange = "0" maxRange = "210">
		<ic enable = "true" damage = "50" attackType = "bullet"/>
		<ec enable = "false"/>
		<fc enable = "false"/>
		<sc enable = "false"/>
		<tc enable = "false"/>
	</lv2>
	<lv3 cost = "110" attackSpeed = "240" minRange = "0" maxRange = "210">
		<ic enable = "true" damage = "60" attackType = "bullet"/>
		<ec enable = "false"/>
		<fc enable = "false"/>
		<sc enable = "false"/>
		<tc enable = "false"/>
	</lv3>
</Turret>

<Turret name = "CH" targetType = "ground_air" ballVelocity = "800">
	<lv1 cost = "210" attackSpeed = "70" minRange = "100" maxRange = "310">
		<ic enable = "false"/>
		<ec enable = "false"/>
		<fc enable = "false"/>
		<sc enable = "false"/>
		<tc enable = "true" damage = "110" possibility = "0.07" duration = "1.2" attackType = "bullet"/>
	</lv1>
	<lv2 cost = "190" attackSpeed = "70" minRange = "100" maxRange = "310">
		<ic enable = "false"/>
		<ec enable = "false"/>
		<fc enable = "false"/>
		<sc enable = "false"/>
		<tc enable = "true" damage = "190" possibility = "0.07" duration = "1.4" attackType = "bullet"/>
	</lv2>
	<lv3 cost = "190" attackSpeed = "70" minRange = "100" maxRange = "310">
		<ic enable = "false"/>
		<ec enable = "false"/>
		<fc enable = "false"/>
		<sc enable = "false"/>
		<tc enable = "true" damage = "270" possibility = "0.07" duration = "1.6" attackType = "bullet"/>
	</lv3>
</Turret>

<Turret name = "PB" targetType = "ground" ballVelocity = "1500">
	<lv1 cost = "260" attackSpeed = "280" minRange = "0" maxRange = "210">
		<ic enable = "true" damage = "54" attackType = "bullet"/>
		<ec enable = "false"/>
		<fc enable = "false"/>
		<sc enable = "false"/>
		<tc enable = "false"/>
	</lv1>
	<lv2 cost = "280" attackSpeed = "330" minRange = "0" maxRange = "210">
		<ic enable = "true" damage = "86" attackType = "bullet"/>
		<ec enable = "false"/>
		<fc enable = "false"/>
		<sc enable = "false"/>
		<tc enable = "false"/>
	</lv2>
	<lv3 cost = "300" attackSpeed = "370" minRange = "0" maxRange = "210">
		<ic enable = "true" damage = "111" attackType = "bullet"/>
		<ec enable = "false"/>
		<fc enable = "false"/>
		<sc enable = "false"/>
		<tc enable = "false"/>
	</lv3>
</Turret>

<Turret name = "SP" targetType = "ground" ballVelocity = "5000">
	<lv1 cost = "500" attackSpeed = "50" minRange = "0" maxRange = "450">
		<ic enable = "true" damage = "400" attackType = "bullet"/>
		<ec enable = "false"/>
		<fc enable = "false"/>
		<sc enable = "false"/>
		<tc enable = "false"/>
	</lv1>
	<lv2 cost = "450" attackSpeed = "50" minRange = "0" maxRange = "450">
		<ic enable = "true" damage = "700" attackType = "bullet"/>
		<ec enable = "false"/>
		<fc enable = "false"/>
		<sc enable = "false"/>
		<tc enable = "false"/>
	</lv2>
	<lv3 cost = "450" attackSpeed = "50" minRange = "0" maxRange = "450">
		<ic enable = "true" damage = "1000" attackType = "bullet"/>
		<ec enable = "false"/>
		<fc enable = "false"/>
		<sc enable = "false"/>
		<tc enable = "false"/>
	</lv3>
</Turret>

<Turret name = "ST" targetType = "ground" ballVelocity = "600">
	<lv1 cost = "180" attackSpeed = "55" minRange = "150" maxRange = "300">
		<ic enable = "false"/>
		<ec enable = "true" damage = "70" radius = "80" attackType = "explosive"/>
		<fc enable = "false"/>
		<sc enable = "false"/>
		<tc enable = "false"/>
	</lv1>
	<lv2 cost = "160" attackSpeed = "55" minRange = "150" maxRange = "310">
		<ic enable = "false"/>
		<ec enable = "true" damage = "115" radius = "80" attackType = "explosive"/>
		<fc enable = "false"/>
		<sc enable = "false"/>
		<tc enable = "false"/>
	</lv2>
	<lv3 cost = "170" attackSpeed = "55" minRange = "150" maxRange = "320">
		<ic enable = "false"/>
		<ec enable = "true" damage = "155" radius = "80" attackType = "explosive"/>
		<fc enable = "false"/>
		<sc enable = "false"/>
		<tc enable = "false"/>
	</lv3>
</Turret>

<Turret name = "RL" targetType = "ground_air" ballVelocity = "900">
	<lv1 cost = "450" attackSpeed = "63" minRange = "100" maxRange = "360">
		<ic enable = "true" damage = "200" attackType = "bullet"/>
		<ec enable = "true" damage = "150" radius = "25" attackType = "explosive"/>
		<fc enable = "false"/>
		<sc enable = "false"/>
		<tc enable = "false"/>
	</lv1>
	<lv2 cost = "400" attackSpeed = "63" minRange = "100" maxRange = "360">
		<ic enable = "true" damage = "280" attackType = "bullet"/>
		<ec enable = "true" damage = "250" radius = "30" attackType = "explosive"/>
		<fc enable = "false"/>
		<sc enable = "false"/>
		<tc enable = "false"/>
	</lv2>	
	<lv3 cost = "400" attackSpeed = "63" minRange = "100" maxRange = "360">
		<ic enable = "true" damage = "360" attackType = "bullet"/>
		<ec enable = "true" damage = "350" radius = "35" attackType = "explosive"/>
		<fc enable = "false"/>
		<sc enable = "false"/>
		<tc enable = "false"/>
	</lv3>
</Turret>

<Turret name = "PM" targetType = "air" ballVelocity = "700">
	<lv1 cost = "180" attackSpeed = "56" minRange = "100" maxRange = "320">
		<ic enable = "true" damage = "60" attackType = "bullet"/>		
		<ec enable = "true" damage = "120" radius = "50" attackType = "explosive"/>
		<fc enable = "false"/>
		<sc enable = "false"/>
		<tc enable = "false"/>
	</lv1>
	<lv2 cost = "140" attackSpeed = "70" minRange = "100" maxRange = "320">
		<ic enable = "true" damage = "120" attackType = "bullet"/>
		<ec enable = "true" damage = "150" radius = "55" attackType = "explosive"/>
		<fc enable = "false"/>
		<sc enable = "false"/>
		<tc enable = "false"/>
	</lv2>	
	<lv3 cost = "160" attackSpeed = "84" minRange = "100" maxRange = "320">
		<ic enable = "true" damage = "180" attackType = "bullet"/>
		<ec enable = "true" damage = "200" radius = "60" attackType = "explosive"/>
		<fc enable = "false"/>
		<sc enable = "false"/>
		<tc enable = "false"/>
	</lv3>
</Turret>

<Turret name = "PS" targetType = "ground" ballVelocity = "5600">
	<lv1 cost = "105" attackSpeed = "77" minRange = "0" maxRange = "210">
		<ic enable = "true" damage = "86" attackType = "tesla"/>
		<ec enable = "false"/>
		<fc enable = "false"/>
		<sc enable = "false"/>
		<tc enable = "false"/>
	</lv1>
	<lv2 cost = "90" attackSpeed = "95" minRange = "0" maxRange = "210">
		<ic enable = "true" damage = "130" attackType = "tesla"/>
		<ec enable = "false"/>
		<fc enable = "false"/>
		<sc enable = "false"/>
		<tc enable = "false"/>
	</lv2>	
	<lv3 cost = "90" attackSpeed = "102" minRange = "0" maxRange = "210">
		<ic enable = "true" damage = "170" attackType = "tesla"/>
		<ec enable = "false"/>
		<fc enable = "false"/>
		<sc enable = "false"/>
		<tc enable = "false"/>
	</lv3>
</Turret>

<Turret name = "TF" targetType = "ground_all" ballVelocity = "6000">
	<lv1 cost = "140" attackSpeed = "70" minRange = "0" maxRange = "210">
		<ic enable = "false"/>
		<ec enable = "false"/>
		<fc enable = "false"/>
		<sc enable = "true" damage = "35" effect = "0.8" duration = "3" attackType = "tesla"/>
		<tc enable = "false"/>
	</lv1>
	<lv2 cost = "170" attackSpeed = "70" minRange = "0" maxRange = "220">
		<ic enable = "false"/>
		<ec enable = "false"/>
		<fc enable = "false"/>
		<sc enable = "true" damage = "15" effect = "0.65" duration = "3" attackType = "tesla"/>
		<tc enable = "false"/>
	</lv2>
	<lv3 cost = "200" attackSpeed = "70" minRange = "0" maxRange = "230">
		<ic enable = "false"/>
		<ec enable = "false"/>
		<fc enable = "false"/>
		<sc enable = "true" damage = "0" effect = "0.5" duration = "3" attackType = "tesla"/>
		<tc enable = "false"/>
	</lv3>
</Turret>

<Turret name = "TD" targetType = "ground_air" ballVelocity = "8000">
	<lv1 cost = "400" attackSpeed = "77" minRange = "0" maxRange = "410">
		<ic enable = "false"/>
		<ec enable = "false"/>
		<fc enable = "false"/>
		<sc enable = "false"/>
		<tc enable = "true" damage = "260" possibility = "0.14" duration = "0.7" attackType = "tesla"/>
	</lv1>
	<lv2 cost = "380" attackSpeed = "77" minRange = "0" maxRange = "410">
		<ic enable = "false"/>
		<ec enable = "false"/>
		<fc enable = "false"/>
		<sc enable = "false"/>
		<tc enable = "true" damage = "460" possibility = "0.16" duration = "0.7" attackType = "tesla"/>
	</lv2>	
	<lv3 cost = "380" attackSpeed = "77" minRange = "0" maxRange = "410">
		<ic enable = "false"/>
		<ec enable = "false"/>
		<fc enable = "false"/>
		<sc enable = "false"/>
		<tc enable = "true" damage = "660" possibility = "0.18" duration = "0.7" attackType = "tesla"/>
	</lv3>
</Turret>

<Turret name = "FT" targetType = "ground_all" ballVelocity = "4000">
	<lv1 cost = "105" attackSpeed = "300" minRange = "0" maxRange = "220">
		<ic enable = "false"/>
		<ec enable = "false"/>
		<fc enable = "true" damage = "0" damagePerSecond = "40" duration = "2" attackType = "flame"/>
		<sc enable = "false"/>
		<tc enable = "false"/>
	</lv1>
	<lv2 cost = "90" attackSpeed = "300" minRange = "0" maxRange = "220">
		<ic enable = "false"/>
		<ec enable = "false"/>
		<fc enable = "true" damage = "0" damagePerSecond = "55" duration = "2" attackType = "flame"/>
		<sc enable = "false"/>
		<tc enable = "false"/>
	</lv2>
	<lv3 cost = "90" attackSpeed = "300" minRange = "0" maxRange = "220">
		<ic enable = "false"/>
		<ec enable = "false"/>
		<fc enable = "true" damage = "0" damagePerSecond = "68" duration = "2" attackType = "flame"/>
		<sc enable = "false"/>
		<tc enable = "false"/>
	</lv3>
</Turret>

<Turret name = "MC" targetType = "ground" ballVelocity = "500">
	<lv1 cost = "200" attackSpeed = "150" minRange = "0" maxRange = "240">
		<ic enable = "false"/>
		<ec enable = "false"/>
		<fc enable = "true" damage = "0" damagePerSecond = "150" duration = "5" attackType = "flame"/>
		<sc enable = "false"/>
		<tc enable = "false"/>
	</lv1>
	<lv2 cost = "130" attackSpeed = "150" minRange = "0" maxRange = "240">
		<ic enable = "false"/>
		<ec enable = "false"/>
		<fc enable = "true" damage = "0" damagePerSecond = "190" duration = "7" attackType = "flame"/>
		<sc enable = "false"/>
		<tc enable = "false"/>
	</lv2>
	<lv3 cost = "100" attackSpeed = "150" minRange = "0" maxRange = "240">
		<ic enable = "false"/>
		<ec enable = "false"/>
		<fc enable = "true" damage = "0" damagePerSecond = "220" duration = "10" attackType = "flame"/>
		<sc enable = "false"/>
		<tc enable = "false"/>
	</lv3>
</Turret>

<Turret name = "MW" targetType = "ground_all" ballVelocity = "8000">
	<lv1 cost = "380" attackSpeed = "300" minRange = "0" maxRange = "290">
		<ic enable = "false"/>
		<ec enable = "false"/>
		<fc enable = "true" damage = "0" damagePerSecond = "30" duration = "5" attackType = "flame"/>
		<sc enable = "false"/>
		<tc enable = "false"/>
	</lv1>
	<lv2 cost = "420" attackSpeed = "300" minRange = "0" maxRange = "350">
		<ic enable = "false"/>
		<ec enable = "false"/>
		<fc enable = "true" damage = "0" damagePerSecond = "40" duration = "5" attackType = "flame"/>
		<sc enable = "false"/>
		<tc enable = "false"/>
	</lv2>
	<lv3 cost = "420" attackSpeed = "300" minRange = "0" maxRange = "410">
		<ic enable = "false"/>
		<ec enable = "false"/>
		<fc enable = "true" damage = "0" damagePerSecond = "50" duration = "5" attackType = "flame"/>
		<sc enable = "false"/>
		<tc enable = "false"/>
	</lv3>
</Turret>

</Turrets>